<?xml version="1.0" encoding="utf-8"?>
<extension version="4.0" type="plugin" group="system" method="upgrade">
	<name>headingplugins</name>
	<author>Shivam Singh</author>
	<creationDate>April 2022</creationDate>
	<copyright>Copyright (C) 2005 - 2018 Open Source Matters. All rights reserved.</copyright>
	<license>GNU General Public License version 2 or later; see LICENSE.txt</license>
	<authorEmail>shivamsingh12042018@gmail.com</authorEmail>
	<authorUrl>https://shivamsinghportfolio.netlify.app/</authorUrl>
	<version>1.0.0</version>
	<description>INJECTING_A_JS_FILE_PLUGIN</description>
	<files>
		<filename plugin="headingplugins">headingplugins.php</filename>
		<filename>index.html</filename>
	</files>
	<languages>
		<language tag="en-GB">administrator\language\en-GB\en-GB.en-GB.plg_system_headingplugins.ini</language>
		<language tag="en-GB">administrator\language\en-GB\en-GB.plg_system_headingplugins.sys.ini</language>
	</languages>
	<config>
		<fields name="params">
			<fieldset name="basic" label="Input field">
				<field
					name="Inputarea"
					type="text"
					label="Add_Input_Value"
					folder="editor"
					default="HI! JOOMLA USER"
					description="Add_Input_Value_DSC"
				/>
			</fieldset>
			
		</fields>
	</config>
</extension>